{
  "_comment" : "Created with OWL2VOWL (version 0.3.7), http://vowl.visualdataweb.org",
  "header" : {
    "languages" : [ "de", "en", "fr", "undefined" ],
    "baseIris" : [ "http://www.w3.org/1999/02/22-rdf-syntax-ns", "http://schema.org", "http://www.w3.org/2000/01/rdf-schema", "http://www.w3.org/2003/01/geo/wgs84_pos", "http://purl.org/dc/terms", "http://www.w3.org/2001/XMLSchema", "http://xmlns.com/foaf/0.1", "http://www.w3.org/2000/10/swap/pim/contact" ],
    "prefixList" : {
      "owl" : "http://www.w3.org/2002/07/owl#",
      "rdf" : "http://www.w3.org/1999/02/22-rdf-syntax-ns#",
      "skos" : "http://www.w3.org/2004/02/skos/core#",
      "wot" : "http://xmlns.com/wot/0.1/",
      "xsd" : "http://www.w3.org/2001/XMLSchema#",
      "" : "http://xmlns.com/foaf/0.1/",
      "dc" : "http://purl.org/dc/elements/1.1/",
      "xml" : "http://www.w3.org/XML/1998/namespace",
      "vs" : "http://www.w3.org/2003/06/sw-vocab-status/ns#",
      "foaf" : "http://xmlns.com/foaf/0.1/",
      "rdfs" : "http://www.w3.org/2000/01/rdf-schema#"
    },
    "title" : {
      "en" : "Friend of a Friend (FOAF) vocabulary"
    },
    "iri" : "http://xmlns.com/foaf/0.1/",
    "description" : {
      "en" : "The Friend of a Friend (FOAF) RDF vocabulary, described using W3C RDF Schema and the Web Ontology Language."
    },
    "other" : {
      "title" : [ {
        "identifier" : "title",
        "language" : "en",
        "value" : "Friend of a Friend (FOAF) vocabulary",
        "type" : "label"
      } ]
    }
  },
  "namespace" : [ ],
  "class" : [ {
    "id" : "0",
    "type" : "owl:equivalentClass"
  }, {
    "id" : "1",
    "type" : "owl:Thing"
  }, {
    "id" : "2",
    "type" : "owl:equivalentClass"
  }, {
    "id" : "8",
    "type" : "owl:equivalentClass"
  }, {
    "id" : "4",
    "type" : "owl:equivalentClass"
  }, {
    "id" : "11",
    "type" : "rdfs:Literal"
  }, {
    "id" : "10",
    "type" : "rdfs:Literal"
  }, {
    "id" : "3",
    "type" : "owl:equivalentClass"
  }, {
    "id" : "7",
    "type" : "owl:Class"
  } ],
  "classAttribute" : [ {
    "iri" : "http://www.w3.org/2000/10/swap/pim/contact#Person",
    "baseIri" : "http://www.w3.org/2000/10/swap/pim/contact",
    "instances" : 0,
    "label" : {
      "IRI-based" : "Person"
    },
    "attributes" : [ "external", "equivalent" ],
    "id" : "0"
  }, {
    "iri" : "http://www.w3.org/2002/07/owl#Thing",
    "baseIri" : "http://owl2vowl.de",
    "id" : "1",
    "label" : {
      "undefined" : "Thing"
    }
  }, {
    "iri" : "http://xmlns.com/foaf/0.1/Agent",
    "equivalent" : [ "4" ],
    "baseIri" : "http://xmlns.com/foaf/0.1",
    "instances" : 0,
    "annotations" : {
      "term_status" : [ {
        "identifier" : "term_status",
        "language" : "undefined",
        "value" : "stable",
        "type" : "label"
      } ]
    },
    "label" : {
      "IRI-based" : "Agent",
      "en" : "Agent"
    },
    "subClasses" : [ "3" ],
    "comment" : {
      "undefined" : "An agent (eg. person, group, software or physical artifact)."
    },
    "attributes" : [ "equivalent" ],
    "id" : "2"
  }, {
    "iri" : "http://schema.org/Person",
    "baseIri" : "http://schema.org",
    "instances" : 0,
    "label" : {
      "IRI-based" : "Person"
    },
    "attributes" : [ "external", "equivalent" ],
    "id" : "8"
  }, {
    "iri" : "http://purl.org/dc/terms/Agent",
    "baseIri" : "http://purl.org/dc/terms",
    "instances" : 0,
    "label" : {
      "IRI-based" : "Agent"
    },
    "attributes" : [ "external", "equivalent" ],
    "id" : "4"
  }, {
    "iri" : "http://www.w3.org/2000/01/rdf-schema#Literal",
    "baseIri" : "http://www.w3.org/2000/01/rdf-schema",
    "id" : "11",
    "label" : {
      "IRI-based" : "Literal",
      "undefined" : "Literal"
    }
  }, {
    "iri" : "http://www.w3.org/2000/01/rdf-schema#Literal",
    "baseIri" : "http://www.w3.org/2000/01/rdf-schema",
    "id" : "10",
    "label" : {
      "IRI-based" : "Literal",
      "undefined" : "Literal"
    }
  }, {
    "iri" : "http://xmlns.com/foaf/0.1/Person",
    "equivalent" : [ "0", "8" ],
    "baseIri" : "http://xmlns.com/foaf/0.1",
    "instances" : 0,
    "annotations" : {
      "isDefinedBy" : [ {
        "identifier" : "isDefinedBy",
        "language" : "undefined",
        "value" : "http://xmlns.com/foaf/0.1/",
        "type" : "iri"
      } ],
      "term_status" : [ {
        "identifier" : "term_status",
        "language" : "undefined",
        "value" : "stable",
        "type" : "label"
      } ]
    },
    "label" : {
      "de" : "Die Person",
      "IRI-based" : "Person",
      "en" : "Person",
      "fr" : "Une Person",
      "undefined" : "A Person"
    },
    "comment" : {
      "undefined" : "A person."
    },
    "attributes" : [ "equivalent" ],
    "id" : "3",
    "superClasses" : [ "2", "7" ]
  }, {
    "iri" : "http://www.w3.org/2003/01/geo/wgs84_pos#SpatialThing",
    "baseIri" : "http://www.w3.org/2003/01/geo/wgs84_pos",
    "instances" : 0,
    "label" : {
      "IRI-based" : "SpatialThing"
    },
    "subClasses" : [ "3" ],
    "attributes" : [ "external" ],
    "id" : "7"
  } ],
  "property" : [ {
    "id" : "5",
    "type" : "rdfs:SubClassOf"
  }, {
    "id" : "6",
    "type" : "rdfs:SubClassOf"
  }, {
    "id" : "9",
    "type" : "owl:datatypeProperty"
  }, {
    "id" : "12",
    "type" : "owl:datatypeProperty"
  }, {
    "id" : "13",
    "type" : "owl:objectProperty"
  } ],
  "propertyAttribute" : [ {
    "range" : "2",
    "domain" : "3",
    "attributes" : [ "object", "anonymous" ],
    "id" : "5"
  }, {
    "range" : "7",
    "domain" : "3",
    "attributes" : [ "object", "anonymous" ],
    "id" : "6"
  }, {
    "iri" : "http://xmlns.com/foaf/0.1/givenName",
    "baseIri" : "http://xmlns.com/foaf/0.1",
    "range" : "10",
    "annotations" : {
      "isDefinedBy" : [ {
        "identifier" : "isDefinedBy",
        "language" : "undefined",
        "value" : "http://xmlns.com/foaf/0.1/",
        "type" : "iri"
      } ],
      "term_status" : [ {
        "identifier" : "term_status",
        "language" : "undefined",
        "value" : "testing",
        "type" : "label"
      } ]
    },
    "label" : {
      "IRI-based" : "givenName",
      "en" : "Given name"
    },
    "domain" : "1",
    "comment" : {
      "undefined" : "The given name of some person."
    },
    "attributes" : [ "datatype" ],
    "id" : "9"
  }, {
    "iri" : "http://xmlns.com/foaf/0.1/lastName",
    "baseIri" : "http://xmlns.com/foaf/0.1",
    "range" : "11",
    "annotations" : {
      "isDefinedBy" : [ {
        "identifier" : "isDefinedBy",
        "language" : "undefined",
        "value" : "http://xmlns.com/foaf/0.1/",
        "type" : "iri"
      } ],
      "term_status" : [ {
        "identifier" : "term_status",
        "language" : "undefined",
        "value" : "testing",
        "type" : "label"
      } ]
    },
    "label" : {
      "IRI-based" : "lastName",
      "en" : "lastName"
    },
    "domain" : "3",
    "comment" : {
      "undefined" : "The last name of a person."
    },
    "attributes" : [ "datatype" ],
    "id" : "12"
  }, {
    "iri" : "http://xmlns.com/foaf/0.1/knows",
    "baseIri" : "http://xmlns.com/foaf/0.1",
    "range" : "3",
    "annotations" : {
      "isDefinedBy" : [ {
        "identifier" : "isDefinedBy",
        "language" : "undefined",
        "value" : "http://xmlns.com/foaf/0.1/",
        "type" : "iri"
      } ],
      "term_status" : [ {
        "identifier" : "term_status",
        "language" : "undefined",
        "value" : "stable",
        "type" : "label"
      } ]
    },
    "label" : {
      "IRI-based" : "knows",
      "en" : "knows"
    },
    "domain" : "3",
    "comment" : {
      "undefined" : "A person known by this person (indicating some level of reciprocated interaction between the parties)."
    },
    "attributes" : [ "object" ],
    "id" : "13"
  } ]
}
